{"cameraMode":{"drawMode":0,"name":"Shaded","section":"Shading Mode"},"sceneLighting":true,"audioPlay":false,"sceneViewState":{"showFog":true,"showMaterialUpdate":false,"showSkybox":true,"showFlares":true,"showImageEffects":true,"showParticleSystems":true},"in2DMode":false,"pivot":{"x":0.9194185733795166,"y":11.810381889343262,"z":11.729586601257325},"rotation":{"x":-0.26547330617904665,"y":-0.6456583738327026,"z":0.25639697909355166,"w":-0.6685226559638977},"size":22.0,"orthographic":false}