{"cameraMode":{"drawMode":0,"name":"Shaded","section":"Shading Mode"},"sceneLighting":true,"audioPlay":false,"sceneViewState":{"showFog":true,"showMaterialUpdate":false,"showSkybox":true,"showFlares":true,"showImageEffects":true,"showParticleSystems":true},"in2DMode":false,"pivot":{"x":10.553540229797364,"y":6.606279373168945,"z":-2.9380950927734377},"rotation":{"x":0.1916733980178833,"y":-0.020881999284029008,"z":0.004140609875321388,"w":0.9812478423118591},"size":22.0,"orthographic":false}